{
  "QR2": {
    "name": "QR2",
    "RMSE": 0.01834432750013712,
    "MAE": 0.010728033911401143,
    "QLIKE": 0.18413564679459976,
    "MZ": {
      "intercept": 0.02311379231969652,
      "slope": 0.6307810705384139,
      "r2": 0.24745639424079824,
      "F": 4.4605513649397475,
      "p_joint": 0.0147784217515734
    }
  },
  "ESN-8 (matched)": {
    "name": "ESN-8 (matched)",
    "RMSE": 0.017351530671747207,
    "MAE": 0.010613929246699363,
    "QLIKE": 0.15294753790589954,
    "MZ": {
      "intercept": 0.018205824322097337,
      "slope": 0.6864693901346562,
      "r2": 0.31477778233568954,
      "F": 3.7300075358469313,
      "p_joint": 0.028554167846072676
    }
  },
  "Persistence": {
    "name": "Persistence",
    "RMSE": 0.017031271837779763,
    "MAE": 0.009639272539698294,
    "QLIKE": 0.12454205600006676,
    "MZ": {
      "intercept": 0.022037632511473004,
      "slope": 0.6356954305324443,
      "r2": 0.40832391144218116,
      "F": 8.50228549407196,
      "p_joint": 0.0004698342852729187
    }
  },
  "covid_2020": {
    "QR2": 0.05217737770253431,
    "ESN8": 0.049479831666413156,
    "Persistence": 0.05084329398164198
  },
  "DM_QR2_vs_persistence": {
    "DM": 1.2488936575624818,
    "DM_HLN": 1.2407574559198005,
    "p_value": 0.21851187893492274,
    "mean_loss_diff": 4.645013101993684e-05
  }
}