{
  "qrc_n8_deg2": {
    "MC_linear": 2.9208841908425676,
    "MC_nonlinear": 3.041269567063961,
    "n_readout": 8,
    "poly_degree": 2,
    "caps_linear": [
      0.8935561944908941,
      0.49005900628580823,
      0.2604497909705692,
      0.18124973004343214,
      0.17731157510087858,
      0.10185044745669214,
      0.08080884160297885,
      0.11486843672643798,
      0.08023776714785624,
      0.10709070220588846,
      0.10489344339089834,
      0.059878793710713474,
      0.1101071219216242,
      0.06682302743136692,
      0.09169931235652917
    ],
    "caps_nonlinear": [
      0.8847033356054115,
      0.48063210769963094,
      0.29372950548764054,
      0.20852173828530218,
      0.18934931350758655,
      0.12279124079896697,
      0.09439728903992628,
      0.13290915156387884,
      0.080918237719113,
      0.10566452988205288,
      0.09966425339024987,
      0.06713517379126521,
      0.10569532075490118,
      0.07888961851001786,
      0.09626875102801669
    ]
  },
  "esn_n8_deg2": {
    "MC_linear": 2.307723442958161,
    "MC_nonlinear": 2.3809366992720733,
    "n_readout": 8,
    "poly_degree": 2,
    "caps_linear": [
      0.4596701530979802,
      0.3163010641851799,
      0.1840288599906431,
      0.17358349429833164,
      0.16705660832203195,
      0.15876285685720404,
      0.1618459049713219,
      0.12508210929914265,
      0.09559711906930823,
      0.11294277503566663,
      0.12822149591532905,
      0.08274803437649869,
      0.06259760859404773,
      0.04081276124154287,
      0.03847259770393208
    ],
    "caps_nonlinear": [
      0.4578657522660753,
      0.31818359325116985,
      0.1832354911178209,
      0.18106135159681258,
      0.16818045065053333,
      0.17014340881322065,
      0.16794252386477704,
      0.137210792985747,
      0.10281577791466434,
      0.11774123587848373,
      0.12715829358875075,
      0.09364863473268326,
      0.06532975777295225,
      0.04619791244435123,
      0.044221722394031215
    ]
  },
  "qrc_mc_by_tau": {
    "2.0": {
      "MC_linear": 3.3767466244345217,
      "MC_nonlinear": 3.5357745134749425,
      "n_readout": 8,
      "poly_degree": 2,
      "caps_linear": [
        0.8574975056223756,
        0.5949468203968962,
        0.4140998209069562,
        0.2848317868121192,
        0.14174071504406927,
        0.12576053044281865,
        0.10342890805083282,
        0.12083773784844376,
        0.09179753641119348,
        0.12110231666763926,
        0.1300909444071887,
        0.10678342209140701,
        0.10237135901877203,
        0.08560723978895313,
        0.09584998092485575
      ],
      "caps_nonlinear": [
        0.8613373068937222,
        0.6269275788663213,
        0.41737629959454925,
        0.3165615718675364,
        0.15260076583223714,
        0.1411913229822186,
        0.12385238195779513,
        0.13342401200865994,
        0.09997197034716021,
        0.1193784662480809,
        0.1312616470847504,
        0.10825483772095912,
        0.10477565026167501,
        0.09934964889538378,
        0.09951105291389362
      ]
    },
    "5.0": {
      "MC_linear": 2.7949160915880316,
      "MC_nonlinear": 3.0036710985718553,
      "n_readout": 8,
      "poly_degree": 2,
      "caps_linear": [
        0.7776661802472357,
        0.5577367843287309,
        0.2792455105199255,
        0.19656471495117667,
        0.17225609953585275,
        0.09180003179360918,
        0.11274665879027468,
        0.09187598506787442,
        0.07355396445647477,
        0.08282084358967656,
        0.07074447435404263,
        0.0719304829014441,
        0.08291528154059391,
        0.05811217461063367,
        0.07494690490048628
      ],
      "caps_nonlinear": [
        0.7986265476724862,
        0.6262418934975855,
        0.29995921015126004,
        0.23084105593613757,
        0.1852492656317838,
        0.10733462663042936,
        0.12245373476951626,
        0.10218986585971646,
        0.07558608186165994,
        0.08306118213890212,
        0.07354629426034975,
        0.07734839169527419,
        0.0801978062851122,
        0.06459080542137996,
        0.07644433676026208
      ]
    },
    "10.0": {
      "MC_linear": 2.9208841908425676,
      "MC_nonlinear": 3.041269567063961,
      "n_readout": 8,
      "poly_degree": 2,
      "caps_linear": [
        0.8935561944908941,
        0.49005900628580823,
        0.2604497909705692,
        0.18124973004343214,
        0.17731157510087858,
        0.10185044745669214,
        0.08080884160297885,
        0.11486843672643798,
        0.08023776714785624,
        0.10709070220588846,
        0.10489344339089834,
        0.059878793710713474,
        0.1101071219216242,
        0.06682302743136692,
        0.09169931235652917
      ],
      "caps_nonlinear": [
        0.8847033356054115,
        0.48063210769963094,
        0.29372950548764054,
        0.20852173828530218,
        0.18934931350758655,
        0.12279124079896697,
        0.09439728903992628,
        0.13290915156387884,
        0.080918237719113,
        0.10566452988205288,
        0.09966425339024987,
        0.06713517379126521,
        0.10569532075490118,
        0.07888961851001786,
        0.09626875102801669
      ]
    },
    "20.0": {
      "MC_linear": 3.0509295320270793,
      "MC_nonlinear": 3.1729478670638342,
      "n_readout": 8,
      "poly_degree": 2,
      "caps_linear": [
        0.8920578458667031,
        0.6217832507493006,
        0.3239654503269225,
        0.16619852771639188,
        0.14502545163519642,
        0.11518297871374139,
        0.09666590906949701,
        0.10750919193131547,
        0.08866537562951826,
        0.09782315170675604,
        0.07957120599817125,
        0.0777559789836737,
        0.08608931958511479,
        0.06512204498370744,
        0.08751384913107008
      ],
      "caps_nonlinear": [
        0.892086381192884,
        0.6460769443324381,
        0.33375985485625626,
        0.1977769803255136,
        0.15940039800328754,
        0.13113188079785898,
        0.10479927267078559,
        0.11353771898942977,
        0.09860460450457254,
        0.09260523160371903,
        0.08212817708242537,
        0.08241816256550916,
        0.07540114574386425,
        0.07213332772103453,
        0.0910877866742551
      ]
    },
    "40.0": {
      "MC_linear": 2.6083179741433433,
      "MC_nonlinear": 2.812399242727354,
      "n_readout": 8,
      "poly_degree": 2,
      "caps_linear": [
        0.7817039170874881,
        0.4452749449459744,
        0.23229372926485337,
        0.15231425817578303,
        0.142554494300565,
        0.10872491093447045,
        0.10292657626594459,
        0.08714766663515638,
        0.07851117981345246,
        0.0874539178097381,
        0.09566065179521266,
        0.06966891191191271,
        0.07320089552107667,
        0.07365197112407207,
        0.07722994855764342
      ],
      "caps_nonlinear": [
        0.8107166943912646,
        0.48513878832094726,
        0.2628411193612793,
        0.1909889824067149,
        0.15323032642444379,
        0.12542276343648984,
        0.12147441056560959,
        0.09449316804932062,
        0.08336254627891082,
        0.0942259242639597,
        0.08710075313331189,
        0.06798220815602174,
        0.06405441717956206,
        0.08660159712741022,
        0.08476554363210753
      ]
    }
  },