{
  "n=6": {
    "n_total": 6,
    "protocol": "walk-forward",
    "RMSE_mean": 0.018653310777599116,
    "RMSE_std": 0.00026089965620792153,
    "QLIKE_mean": 0.4388926465595721,
    "QLIKE_std": 0.008592431280090962,
    "RMSE_per_seed": [
      0.018392411121391197,
      0.01891421043380704
    ],
    "QLIKE_per_seed": [
      0.43030021527948115,
      0.44748507783966307
    ],
    "wall_s": 0.5062410831451416
  },
  "n=8": {
    "n_total": 8,
    "protocol": "walk-forward",
    "RMSE_mean": 0.01820722393904218,
    "RMSE_std": 0.000761858129737971,
    "QLIKE_mean": 0.41807951447159286,
    "QLIKE_std": 0.030283465940605797,
    "RMSE_per_seed": [
      0.01896908206878015,
      0.017445365809304208
    ],
    "QLIKE_per_seed": [
      0.44836298041219863,
      0.38779604853098704
    ],
    "wall_s": 6.386013031005859
  },
  "n=10": {
    "n_total": 10,
    "protocol": "walk-forward",
    "RMSE_mean": 0.017181039928691584,
    "RMSE_std": 0.00020980319763166076,
    "QLIKE_mean": 0.3907771242277602,
    "QLIKE_std": 0.017397414068681727,
    "RMSE_per_seed": [
      0.016971236731059925,
      0.017390843126323247
    ],
    "QLIKE_per_seed": [
      0.37337971015907845,
      0.4081745382964419
    ],
    "wall_s": 259.5033326148987
  }
}